,w,corpus_count
0,hear,27544
1,soon,6815
2,asked,5014
3,Democrats,61219
4,stand,45426
5,the issues,4045
6,Donald Trump,41700
7,racism,1858
8,making,23792
9,cast,10232
10,tell,13552
11,fighting,30085
12,reduce,1242
13,health care,19421
14,allowing,974
15,like,121784
16,Medicare,9211
17,President,42654
18,use,99532
19,end,134337
20,conviction,339
21,convicted,226
22,work,92558
23,Congress,84971
24,destroy,5973
25,the value,1262
26,stopped,1331
27,begin,12196
28,believe,59473
29,turn,39392
30,America,60439
31,time,77493
32,bring,19458
33,home,16052
34,engage,5022
35,block,3954
36,our movement,15089
37,failed,4548
38,candidates,12902
39,voting,17397
40,Americans,22899
41,desperate,5194
42,a leader,3605
43,hope,21750
44,consider,11036
45,joining,6332
46,our campaign,58661
47,afford,29691
48,clicking,22584
49,Thank,111404
50,Donate,48804
51,Paid,124326
52,South Carolina,6736
53,United States,46506
54,seeking,699
55,simply,7401
56,beat,15893
57,know,83684
58,decided,7637
59,run,63029
60,the United States,9764
61,need,118417
62,the American people,5267
63,forced,2742
64,choose,3833
65,chose,2828
66,vote,70665
67,the world,7337
68,provide,10274
69,this election,15616
70,members,8546
71,access,12307
72,wish,30331
73,elected,17667
74,Order,485
75,enter,9302
76,non,9482
77,allow,9559
78,our economy,3059
79,healthcare,11099
80,an end,2660
81,send,43781
82,legislation,7399
83,enact,1266
84,built,3631
85,today,65196
86,left,20909
87,raise,38757
88,counting,17622
89,your help,46829
90,spread,10647
91,liberty,1387
92,defeat,41451
93,change,47224
94,our country,20524
95,click,99627
96,donate,58678
97,makes,7981
98,your donation,40274
99,best,40264
100,thank,43124
101,the day,3924
102,receive,125334
103,day,108848
104,takes,17518
105,act,69787
106,meet,13600
107,answer,8261
108,action,15008
109,the campaign trail,2286
110,Yes,5574
111,seen,9080
112,the campaign,18834
113,got,27322
114,started,6352
115,worry,3755
116,better,14441
117,running,47880
118,No one,1409
119,exactly,6138
120,thrilled,1055
121,Joe Biden,24403
122,advocate,5842
123,tough,8688
124,crime,1388
125,President Trump,17920
126,millions,17338
127,Republicans,34356
128,identify,1512
129,the support,5168
130,history,22020
131,November 3rd,5259
132,Let,19457
133,reach,39630
134,our message,4679
135,free markets,70
136,bringing,2649
137,ending,34720
138,drugs,3043
139,chipping,9666
140,any amount,6213
141,the button,8615
142,a donation,26364
143,sure,60161
144,let,48386
145,saw,5411
146,Trump,76658
147,Biden,27077
148,prepare,4225
149,happen,16072
150,help,123524
151,pay,49135
152,a contribution,32311
153,watch,9175
154,saying,3423
155,read,53688
156,people,53582
157,actually,3221
158,the Constitution,7579
159,including,10291
160,restore,3621
161,COVID-19,14026
162,businesses,5417
163,decide,11385
164,open,10840
165,based,3276
166,free,9816
167,the economy,1161
168,resources,18907
169,the government,797
170,cut,14751
171,taxes,2272
172,destroyed,943
173,launched,5928
174,passed,4074
175,police,4788
176,policing,458
177,held,8465
178,responsible,1604
179,their actions,207
180,The Democrats,1177
181,laws,5875
182,things,10342
183,voters,39707
184,prefer,23381
185,respect,3503
186,start,25019
187,try,69328
188,prevent,4384
189,favor,5917
190,remove,4083
191,think,13461
192,starts,3763
193,This week,2206
194,the opportunity,2710
195,Kamala Harris,9103
196,serve,29145
197,the Trump administration,1690
198,defend,13694
199,spending,12874
200,increasing,5442
201,called,5715
202,conservative,12468
203,learned,2276
204,avoid,1326
205,Harris,15627
206,men,119948
207,women,8173
208,fact,9328
209,the people,15050
210,hurt,1972
211,save,50311
212,near,7469
213,donating,13245
214,want,75252
215,share,13646
216,raised,11923
217,place,18722
218,the Democrats,4561
219,destroying,1282
220,lost,5185
221,MILLIONS,6039
222,jobs,7986
223,taken,5154
224,politicians,4093
225,willing,4116
226,create,6789
227,solutions,5010
228,trust,5230
229,the White House,8695
230,achieve,2131
231,victory,12995
232,speak,6362
233,seek,1660
234,stop,37227
235,Change,19707
236,reached,2642
237,opportunity,13463
238,possible,16923
239,Turn,8410
240,Twitter,32234
241,thought,10699
242,later,2034
243,determined,2370
244,committed,12741
245,the president,3117
246,attacked,1407
247,starting,2884
248,away,24928
249,Elizabeth Warren,3004
250,life,26091
251,the streets,842
252,push,17064
253,racial justice,784
254,leadership,14081
255,the country,25363
256,systemic racism,744
257,Instead,3262
258,helps,4553
259,social media,3839
260,a nation,3289
261,deserve,9634
262,Tell,1916
263,condemn,1094
264,YES,8709
265,The WDTO Team,1445
266,THE SURVEY,2254
267,PAC PO Box,0
268,"Washington, DC 20003",7886
269,According,1078
270,Barack Obama,4874
271,guilty,267
272,the history,608
273,knows,12410
274,Obama,13715
275,unlike,1366
276,born,1866
277,the power,4088
278,plan,22948
279,Lindsey Graham,6758
280,testify,226
281,said,11336
282,his position,332
283,president,13655
284,your response,7355
285,Portland,507
286,sending,5847
287,Chicago,6099
288,claims,1719
289,the city,447
290,needs,21507
291,combat,7552
292,support,130931
293,tried,1977
294,supporting,44573
295,standing,10318
296,communities,14694
297,color,3452
298,taking,21671
299,Join,9743
300,force,9099
301,win,96720
302,your input,3709
303,matter,23222
304,wants,7619
305,Barr,3177
306,long,50947
307,the criminal justice system,84
308,American history,703
309,fired,3050
310,law,18428
311,order,15715
312,Washington DC,2975
313,officers,1172
314,threatening,1112
315,Click,65148
316,calling,8665
317,worked,5773
318,Georgia,5224
319,says,4503
320,received,31795
321,ICE,6665
322,families,21689
323,the border,431
324,leaving,1408
325,demanding,2203
326,hate,30224
327,crimes,581
328,targeting,1346
329,immigrants,1394
330,Despite,1584
331,abuse,1424
332,come,50366
333,completely,5327
334,the values,897
335,this country,7059
336,founded,1327
337,Today,10170
338,critical,38921
339,introduced,1218
340,shot,9446
341,McConnell,25649
342,helped,4946
343,power,44549
344,thinks,1755
345,his life,1524
346,easier,1333
347,paid,3636
348,his crimes,140
349,clear,18102
350,attention,2598
351,right,83589
352,the hook,117
353,Mitch McConnell,22795
354,sent,103399
355,cities,3077
356,the GOP,9568
357,face,12823
358,the prospect,123
359,able,65576
360,looking,6541
361,good,22312
362,the 2016 election,416
363,commit,44873
364,this November,9508
365,November,44102
366,weeks,22017
367,crucial,23305
368,according,1343
369,continued,8964
370,lead,49186
371,way,89261
372,the election,11711
373,Florida,5969
374,Michigan,5720
375,voted,7500
376,Clinton,2356
377,election,64751
378,the Senate,33620
379,expand,12886
380,seeing,4203
381,the polls,15986
382,exactly what,1860
383,Our work,1591
384,ready,39430
385,fight,80168
386,reaching,10037
387,ask,47652
388,your support,50169
389,mobilize,2068
390,going,50320
391,Washington,55212
392,CONTRIBUTE,13200
393,lynching,92
394,last week,3362
395,pass,28575
396,honor,9127
397,ensure,17821
398,justice,9647
399,served,12194
400,asking,19969
401,join,30526
402,sign,29135
403,Friend,37015
404,known,2183
405,the public,1646
406,immediately,48561
407,added,2178
408,your name,18665
409,contribute,15762
410,behalf,3956
411,Add,9101
412,the law,1682
413,PAID,33966
414,SENATE,7664
415,This message,42735
416,EMAIL_REDACTED,86375
417,Contributions,30053
418,gifts,27706
419,Senate,54152
420,deductible,29878
421,federal income tax purposes,5319
422,emails,110378
423,a crucial way,12859
424,stay,42158
425,touch,36804
426,supporters,67825
427,fewer emails,68833
428,Thanks,44589
429,David Perdue,1198
430,yesterday,3674
431,grow,8168
432,Perdue,1252
433,[[URL REDACTED,74377
434,sponsored,1765
435,this year,8426
436,following,6919
437,coronavirus,7623
438,a crime,96
439,led,36713
440,shows,8988
441,this race,22367
442,chip,49070
443,stored,3707
444,process,15459
445,your contribution,6387
446,instantly,7016
447,truly,5223
448,celebrate,2618
449,state,39056
450,Unfortunately,1778
451,pandemic,17910
452,voter suppression,2921
453,represent,23477
454,response,15681
455,grateful,8674
456,means,18487
457,every day,11541
458,continue,30531
459,building,18416
460,flip,41548
461,the voters,2605
462,Congress Alex,4
463,a lot,32225
464,Time,5943
465,ahead,12929
466,beating,5389
467,Like,6234
468,this campaign,16179
469,month,30409
470,Contribute,9430
471,believes,2639
472,care,53030
473,[URL REDACTED,74377
474,supports,1898
475,spent,10171
476,education,6005
477,Election Day,21975
478,strong,25235
479,midnight,25085
480,Thursday,2916
481,count,92510
482,step,28175
483,VOLUNTEER,1643
484,Sent,7985
485,update,53659
486,your email address,23359
487,address,49070
488,receiving,20004
489,Stop,3315
490,a way,1167
491,the police,1313
492,pick,7966
493,knew,3908
494,arrested,204
495,released,3468
496,trying,12347
497,defending,2635
498,improve,2662
499,living,2212
500,understand,14429
501,facing,9400
502,our communities,9429
503,policies,5950
504,actively,953
505,wait,9357
506,shown,3577
507,understands,2257
508,our community,7374
509,our leaders,1150
510,My campaign,752
511,combating,2637
512,love,10045
513,solidarity,2628
514,continues,3791
515,agree,8389
516,live,27205
517,deserves,3183
518,the beginning,1586
519,Rush,15327
520,focused,4543
521,listen,5062
522,our district,5890
523,holding,4620
524,attend,2848
525,your voice,2581
526,heard,8411
527,Sincerely,4935
528,Facebook,34768
529,[[EMAIL_REDACTED]] Update Profile,2
530,Constant Contact,2357
531,collaboration,1076
532,Trusted Email,1877
533,Constant Contact - Try,1877
534,FREE,4769
535,Try,2082
536,email marketing,1931
537,free today,1931
538,House Democrats,1154
539,impeach,3877
540,leading,8512
541,a vote,3812
542,Kansans,769
543,silence,1590
544,silent,894
545,Sign,10388
546,the petition,1426
547,Nancy Pelosi,6319
548,Chuck Schumer,3196
549,my campaign,9058
550,Stand,3071
551,our values,5323
552,This email,37756
553,Check,3463
554,expose,1947
555,the truth,4904
556,the general election,2934
557,went,3439
558,gets,6064
559,instead,7717
560,adding,1077
561,police officers,637
562,the air,5539
563,this message,26985
564,took,4180
565,California,7433
566,returned,751
567,earned,5424
568,China,1065
569,protect,33833
570,the fight,9967
571,Help,12386
572,All rights,6751
573,reserved,7486
574,this email,30221
575,opted,3137
576,our website,3933
577,Our mailing address,5835
578,your address book,3817
579,Want,9577
580,these emails,12773
581,your preferences,7552
582,this list,7523
583,Email Marketing Powered,2544
584,View,5348
585,your browser,4189
586,truth,7952
587,matters,7564
588,moved,2316
589,fought,7567
590,died,978
591,simple,3617
592,putting,8248
593,remember,3613
594,this nation,6575
595,united,1023
596,individuals,4170
597,service,8852
598,mean,29995
599,murdered,269
600,important,57696
601,evidence,1086
602,includes,1917
603,talking,3431
604,family,15496
605,friends,9918
606,supported,1640
607,personally,12781
608,showed,3419
609,Social Security,7563
610,children,7119
611,our children,1629
612,ran,56537
613,close,28051
614,prosecuted,58
615,serves,5100
616,represents,3537
617,allowed,1691
618,investigating,143
619,the U.S. Congress,2421
620,Mailchimp,2550
621,the House,15147
622,impeachment,2993
623,the United States Senate,2055
624,our President,1407
625,killed,1010
626,the time,13122
627,hold,18677
628,goes,4731
629,gain,58374
630,control,11278
631,working,51004
632,years,20389
633,harder,3047
634,alongside,3304
635,currently,3133
636,Texas,21322
637,red,78965
638,ignore,3301
639,victims,341
640,keeping,5427
641,included,1084
642,anti,6792
643,questions,6033
644,ignoring,698
645,Kelly,4908
646,accountable,5610
647,refused,1751
648,began,1612
649,find,8022
650,sit,48494
651,confident,2037
652,publicly,1140
653,serving,6198
654,look,21471
655,found,5787
656,hiding,366
657,Texans,5801
658,turned,2690
659,certainly,1115
660,rampant,560
661,Based,373
662,sexual assault,188
663,file,12470
664,reported,2176
665,Yesterday,1906
666,repeatedly,696
667,Jacob Blake,74
668,demand,12145
669,dismantle,1484
670,Policing Act,236
671,needed,8008
672,law enforcement,1460
673,ADD,3491
674,YOUR NAME,3507
675,rebuild,1832
676,our fight,3278
677,police brutality,1012
678,the Justice,269
679,Seattle,2861
680,| Click,30286
681,getting,16405
682,track,11371
683,wanted,10736
684,follow,18101
685,comes,16489
686,past,9437
687,this week,8045
688,saved,37830
689,your payment information,26150
690,ActBlue Express,39076
691,Chip,32097
692,hard,27535
693,discrimination,1258
694,accomplish,4615
695,Your support,4870
696,helping,16874
697,our government,3656
698,refuses,1635
699,powered,17632
700,grassroots supporters,29548
701,required,1511
702,finally,5584
703,impeached,302
704,witnesses,266
705,no one,5517
706,the right thing,1812
707,politically,485
708,expedient,76
709,elect,97832
710,Congress P.O. Box,82
711,coming,17299
712,office,16175
713,announced,4878
714,moving,3781
715,forward,12835
716,fix,10388
717,set,19900
718,electing,17255
719,an army,542
720,stronger,3721
721,leaders,24699
722,his campaign,23520
723,a grassroots army,4162
724,Please chip,2051
725,the resources,11713
726,lying,18290
727,Last week,1969
728,lied,1654
729,brought,2270
730,protests,1079
731,Breonna Taylor,431
732,George Floyd,915
733,stood,3228
734,Black Americans,574
735,having,6866
736,protest,3170
737,deliver,7618
738,watching,2766
739,kill,2682
740,likely,3195
741,times,15466
742,die,4596
743,homelessness,1142
744,thousands,11941
745,advance,5704
746,add,59726
747,sponsor,3011
748,desperately,2594
749,treat,2370
750,this district,5443
751,accountability,3277
752,the coronavirus,4551
753,more information,2720
754,visit,11063
755,closely,1309
756,our nation,8518
757,our families,2648
758,safe,24944
759,Friends,13452
760,gone,3501
761,an investigation,164
762,include,4241
763,threatened,1041
764,prosecute,175
765,mail,156007
766,the Supreme Court,9703
767,eliminate,818
768,forget,2312
769,resign,641
770,payment information,35502
771,creating,3357
772,the table,2143
773,providing,3411
774,the state,7048
775,our efforts,13527
776,learn,11939
777,Emails,6206
778,the best way,16702
779,our supporters,3318
780,focus,9325
781,flipping,8216
782,longer,32743
783,PAC,51740
784,talk,8572
785,year,39817
786,discuss,3369
787,happening,3629
788,violence,8087
789,TODAY,8178
790,Saturday,3756
791,Unlike,1710
792,my opponent,4629
793,relying,15223
794,replace,4388
795,our team,11445
796,invest,9304
797,this pandemic,3427
798,person,28931
799,the race,4681
800,kick,5054
801,Nevada,1899
802,our farmers,302
803,a part,10975
804,the impeachment trial,178
805,acquit,599
806,our democracy,6954
807,uphold,901
808,our Constitution,1521
809,country,56934
810,party,6455
811,prove,21593
812,wrong,10391
813,happens,2207
814,corruption,4042
815,miss,20673
816,Instagram,10691
817,Support,6375
818,San Francisco,731
819,his running mate,776
820,excited,4819
821,Having,443
822,a champion,2428
823,proud,22201
824,Joe,28206
825,representing,2198
826,corporations,6088
827,created,2682
828,won,29977
829,their crimes,30
830,Kamala,10429
831,build,34203
832,the ballot,7734
833,date,93369
834,a difference,6405
835,information,55112
836,Follow,9537
837,authorized,31624
838,the military,578
839,neighbors,4189
840,government,12208
841,flipped,2260
842,the idea,596
843,given,3149
844,Afghanistan,901
845,Read,1945
846,war,42617
847,our streets,368
848,Police,1087
849,recognize,1503
850,public safety,533
851,subject,1234
852,security,3609
853,our police,636
854,our military,685
855,cops,204
856,necessary,3796
857,violent crime,78
858,expanding,4177
859,increase,10972
860,especially,7064
861,data,10084
862,feel,6136
863,the right,7545
864,a friend,2944
865,joined,3309
866,holds,1926
867,paying,4405
868,rise,10588
869,straight,3698
870,suffering,1051
871,integrity,1849
872,speaking,2139
873,return,3685
874,Express Donate,5683
875,Express,39900
876,respond,10591
877,freedom,3582
878,equality,2798
879,DONATE,60603
880,Reserved,1360
881,tax,35244
882,participate,4026
883,email,153089
884,spend,29297
885,cover,7357
886,lies,48398
887,promoting,3406
888,protecting,7385
889,working families,7213
890,waste,4313
891,our shared values,487
892,Right,10256
893,faces,1148
894,chaos,981
895,a war,688
896,supposed,859
897,turning,8294
898,nationwide,6152
899,release,4173
900,funded,19737
901,rely,40130
902,grassroots donors,10225
903,URL REDACTED,74377
904,happy,4275
905,thanks,16736
906,my team,5160
907,officially,4536
908,proven,11410
909,short,22667
910,doors,5646
911,this fight,8873
912,the work,4164
913,the way,9866
914,my country,310
915,my life,1489
916,a chance,4483
917,votes,7950
918,AOC,1854
919,the line,7078
920,the ones,703
921,bad,5103
922,came,6954
923,fund,78246
924,the President,5160
925,Iraq,1022
926,100%,8911
927,Impeachment,583
928,innocent,613
929,winning,14651
930,Republican,58608
931,People,5772
932,no place,870
933,God,2371
934,lose,43093
935,retake,1266
936,bless,1345
937,Use,13456
938,job titles,4673
939,photographs,9640
940,uniform,10577
941,imply,17772
942,endorsement,15467
943,the Department of Defense,8798
944,taught,832
945,clearly,955
946,citizens,2577
947,Look,4730
948,an interview,276
949,Wednesday,3588
950,funding,10742
951,absolutely,4979
952,reallocated,78
953,defunding,589
954,treated,504
955,remain,5801
956,acts,3809
957,rioting,203
958,the hands,1271
959,law enforcement officers,277
960,looting,226
961,business,9627
962,Ohio,2378
963,spoke,1989
964,Image,3638
965,Ilhan Omar,537
966,far,19110
967,housing,1835
968,appreciate,14004
969,Pelosi,7379
970,pushing,9390
971,Our campaign,9909
972,stopping,1853
973,continuing,2281
974,the word,2214
975,CHIP,10078
976,politics,8637
977,defund,1781
978,secure,8064
979,stands,6128
980,the process,1038
981,removed,629
982,Minneapolis,869
983,spreading,2303
984,volunteer,15103
985,trained,2704
986,your friends,3198
987,jail,282
988,money,32371
989,hand,19398
990,worse,3444
991,quickly,3932
992,another amount,15267
993,endorsed,6130
994,Bernie Sanders,2551
995,Suite,7848
996,oppose,2014
997,represented,1676
998,wrote,1763
999,cost,10030
1000,the lives,4496
1001,passing,2716
1002,a moment,5522
1003,require,6832
1004,the face,1796
1005,decades,4771
1006,Believe,444
1007,dignity,3494
1008,accept,6581
1009,ordered,479
1010,lives,12188
1011,happened,1531
1012,suppress,4432
1013,Learn,2314
1014,different,16799
1015,writing,2192
1016,honored,2616
1017,risk,7182
1018,institutions,827
1019,directly,9783
1020,ways,17464
1021,lie,97617
1022,attacks,13726
1023,gave,2987
1024,donated,8865
1025,the record,1465
1026,signed,3876
1027,my support,684
1028,Donald J. Trump,3469
1029,the first time,2933
1030,opposed,459
1031,the bill,1226
1032,a bill,1258
1033,the crime,104
1034,one thing,2129
1035,promote,4547
1036,worst,2619
1037,true,6497
1038,tells,1181
1039,recently,5956
1040,New York City,720
1041,CNN,2928
1042,charged,458
1043,survivors,529
1044,denied,561
1045,sick,2713
1046,firsthand,1310
1047,broke,13071
1048,Sri,918
1049,Team,56645
1050,staying,3505
1051,healthy,5270
1052,individually,440
1053,lower,4756
1054,saving,9006
1055,attacking,4242
1056,a time,3810
1057,the rise,331
1058,dangerous,6598
1059,the safety,996
1060,campaign,113755
1061,buy,8324
1062,incredibly,5556
1063,pumped,964
1064,her campaign,4344
1065,the community,952
1066,play,7562
1067,influence,3023
1068,elections,10262
1069,ignored,1208
1070,William Barr,269
1071,illegally,220
1072,Trump’s crimes,30
1073,New York,9510
1074,the fact,2280
1075,abusing,227
1076,his power,846
1077,our petition,2665
1078,their power,693
1079,Sean,1306
1080,grew,2615
1081,requires,3662
1082,compassion,5058
1083,messages,5554
1084,the end,8248
1085,slavery,241
1086,PO Box,54431
1087,error,24722
1088,the interests,560
1089,Another Amount,8209
1090,community,16759
1091,SIGN,7328
1092,THE PETITION,1304
1093,literally,1330
1094,Iowa,4379
1095,puts,3545
1096,prison,555
1097,small,13410
1098,the rest,3437
1099,their lives,1624
1100,this month,3921
1101,Senate Republicans,1693
1102,our House Majority,2814
1103,easy,9356
1104,hit,33950
1105,overturn,7501
1106,deadline,30306
1107,the future,12921
1108,this seat,13154
1109,Justice,6523
1110,the officers,95
1111,an important way,7403
1112,donations,17935
1113,interested,3077
1114,disgusted,329
1115,Antifa,240
1116,the soul,6665
1117,stake,15243
1118,emailing,3428
1119,missed,2050
1120,the Republican National Convention,731
1121,President Donald J. Trump,1327
1122,Adam Schiff,672
1123,conservative values,1546
1124,conservatives,3344
1125,transforming,7923
1126,Defund,320
1127,our Military,67
1128,the United States of America,297
1129,our first television ad,87
1130,a few bucks,439
1131,Our message,160
1132,Conservatives,832
1133,family values,73
1134,our second amendment rights,54
1135,rioters,285
1136,looters,122
1137,ANTIFA members,21
1138,our nation’s cities,21
1139,monuments,170
1140,our cities,299
1141,ease,112835
1142,our border control,21
1143,decrease,216
1144,our great nation’s principles,21
1145,values,15821
1146,the radical left,1081
1147,VICTORY,913
1148,Jim Jordan,694
1149,the Republican Party,3128
1150,African Americans,2634
1151,automatically,1845
1152,dedicated,32578
1153,every American,2239
1154,BREAKING,7878
1155,the only way,5382
1156,HELP,5469
1157,despite,2150
1158,cause,56285
1159,Send,1505
1160,unacceptable,1083
1161,our president,1435
1162,an individual,885
1163,designated,900
1164,federal government contractors,1259
1165,foreign nationals,2010
1166,prohibited,2806
1167,probably,1228
1168,calls,8907
1169,pursue,386
1170,little,5957
1171,agreed,1634
1172,shall,593
1173,course,3527
1174,seriously,2563
1175,raising,46667
1176,school,10548
1177,Los Angeles,975
1178,My father,512
1179,leave,5369
1180,ends,34324
1181,met,11146
1182,apart,4052
1183,CONGRESS,13351
1184,exposing,442
1185,war crimes,36
1186,intended,2106
1187,opening,2815
1188,accused,327
1189,court,2914
1190,Watch,2156
1191,protected,1815
1192,The truth,1308
1193,charitable contributions,1434
1194,Federal law,2509
1195,report,12911
1196,the name,3118
1197,mailing address,8235
1198,occupation,2750
1199,employer,3273
1200,each individual,866
1201,whose contributions,2169
1202,excess,1930
1203,an election cycle,1529
1204,a message,2605
1205,Virginia,2548
1206,District,17520
1207,President Donald Trump,940
1208,states,11368
1209,a president,1349
1210,refusing,1507
1211,the facts,1002
1212,our campaigns,3369
1213,STAND,1745
1214,submit,3503
1215,exceed,2332
1216,RSVP,4206
1217,ultimately,7554
1218,visited,725
1219,terrified,1566
1220,Jon Ossoff,1504
1221,tomorrow,12533
1222,Jon,5793
1223,EXPRESS,762
1224,Senate P.O. Box 450326,0
1225,Atlanta,1614
1226,JON OSSOFF,1168
1227,[[EMAIL_REDACTED]] | Change,10565
1228,Your grassroots support,7938
1229,a federal crime,70
1230,friend,23533
1231,efforts,28005
1232,Georgians,950
1233,Coronavirus,2497
1234,bought,968
1235,U.S. Senate,18849
1236,a wave,5359
1237,poverty,1131
1238,higher,3958
1239,END,19406
1240,P.S.,7041
1241,My opponent,2135
1242,caught,858
1243,the abuse,90
1244,runs,3880
1245,the U.S. Senate,13453
1246,Senator,24732
1247,exposed,671
1248,rip,20587
1249,check,19939
1250,emailed,2500
1251,explain,3750
1252,corrupt,6881
1253,a man,801
1254,violated,396
1255,vulnerable,8316
1256,high,20310
1257,your family,4110
1258,death,2754
1259,American jobs,173
1260,RUSH,8931
1261,an event,615
1262,Eric,1532
1263,RIGHT,6147
1264,rush,21087
1265,my friend,1783
1266,gotten,1919
1267,WIN,12032
1268,blue,22600
1269,gun violence,6044
1270,securing,911
1271,stepping,4651
1272,a right,1968
1273,ANY AMOUNT,3509
1274,steal,2487
1275,endorse,20990
1276,works,7608
1277,leads,957
1278,investigate,428
1279,fail,11580
1280,reading,6491
1281,the door,1440
1282,murder,904
1283,ensuring,2977
1284,small businesses,3259
1285,looked,767
1286,totally,919
1287,donors,26023
1288,strengthen,1849
1289,progress,19144
1290,the NRA,3820
1291,science,10238
1292,Immediately,390
1293,told,5036
1294,Listen,3604
1295,fights,3826
1296,faced,2472
1297,promise,8164
1298,define,720
1299,a world,2912
1300,closer,5842
1301,Roger Stone,163
1302,contributing,2732
1303,lawlessness,204
1304,defeating,4674
1305,the Postal Service,1944
1306,weak,1544
1307,the Trump Make America Great Again Committee,2753
1308,the Republican National Committee,2845
1309,apply,2424
1310,the number,5489
1311,Sponsor,1364
1312,our grassroots supporters,4854
1313,the efforts,3060
1314,glad,5423
1315,Team Trump,1855
1316,misinformation,1797
1317,Make America Great Again,3079
1318,Trump Make America Great Again Committee,2753
1319,a joint fundraising committee,3501
1320,composed,2827
1321,"President, Inc.",2808
1322,our Country,396
1323,the Radical Left,1061
1324,open borders,303
1325,our Nation,619
1326,our lives,2067
1327,the NEXT HOUR,746
1328,600%-MATCHED,928
1329,FIGHT,2746
1330,your gift,2795
1331,Fight,3918
1332,our borders,369
1333,the Left,3294
1334,single,17720
1335,WEAK,62
1336,the clock,6963
1337,LAW,497
1338,ORDER,1279
1339,a list,1458
1340,the list,1866
1341,depends,9319
1342,the job,2819
1343,My team,2059
1344,activated,3462
1345,accomplished,1498
1346,afraid,2261
1347,forever,2198
1348,The President,1325
1349,trusts,209
1350,his administration,1095
1351,picks,521
1352,announces,157
1353,endorses,429
1354,burn,1483
1355,Vice President Pence,391
1356,tirelessly,1544
1357,LOVE,809
1358,a statement,384
1359,delivering,1444
1360,Law,2502
1361,the nation,8049
1362,NEED,6088
1363,a stand,1817
1364,grassroots activists,3827
1365,a country,6606
1366,TRUMP,7048
1367,this bill,802
1368,Your signature,156
1369,End Citizens United,8994
1370,Citizens United,9299
1371,only our most urgent emails,9320
1372,DEMAND,2488
1373,RESIGN,266
1374,Attorney General William Barr,195
1375,the rule,1043
1376,this petition,779
1377,PENDING,1552
1378,Our entire team,8614
1379,our Democracy,10124
1380,a SuperPAC,9313
1381,giving,12902
1382,fuel,13730
1383,our entire operation,8167
1384,our emails,39449
1385,D.C.,10964
1386,([[URL REDACTED,13555
1387,NOT AUTHORIZED,15602
1388,our goal,15732
1389,End,14625
1390,our state,6694
1391,upheld,2397
1392,fear,3647
1393,charge,2810
1394,Vote,20266
1395,our work,18626
1396,any candidate or candidate's committee,8561
1397,people's right,36
1398,your lawyer,40
1399,Dear,5745
1400,split,4086
1401,struggling,2933
1402,The Progressive Turnout Project,2800
1403,proudly,6733
1404,connecting,5578
1405,Democratic voter turnout,5409
1406,his taxes,44
1407,the Progressive Turnout Project,2734
1408,a 100% grassroots-funded organization,3213
1409,a single mission,2936
1410,boosting,3639
1411,Democratic Voter Turnout,3198
1412,"Progressive Turnout Project 275,000+ Progressive Donors",0
1413,100% Progressive Organization,2800
1414,Progressive Turnout Project,5007
1415,Getting,3146
1416,the most effective way,2964
1417,Our country,3778
1418,dark times,2795
1419,idly,7735
1420,a moral obligation,2760
1421,our grandchildren,2807
1422,our future,4334
1423,Passing Medicare,2730
1424,Trump a one term President,2728
1425,a MASSIVE increase,2729
1426,Our plan,2851
1427,design,5647
1428,test,23846
1429,execute,3313
1430,Voter Turnout campaigns,2828
1431,knock,5730
1432,phone calls,4068
1433,skyrocket Democratic Voter Turnout,2826
1434,the highest levels,2925
1435,CONVERSATIONS,2800
1436,VOTERS,3069
1437,HISTORIC,3518
1438,INCREASE,3052
1439,VOTER TURNOUT SCIENTIFICALLY,0
1440,PROVEN RESULTS,2800
1441,existing research,2826
1442,our own experiments,2826
1443,new tactics,2832
1444,the largest impact,2827
1445,every single dollar,4042
1446,a huge difference,3721
1447,guarantee,5646
1448,Remember,6004
1449,Every single cent,2801
1450,our funding,2851
1451,"275,000+ generous Democrats",2727
1452,our average donation,2901
1453,just $,10397
1454,Democratic Turnout,3141
1455,Facebook or Click,3066
1456,an honor,3416
1457,our email list,4224
1458,Progressive Turnout Project P.O. Box 617614 Chicago,0
1459,3 Minutes,107
1460,Donald Trump ',1
1461,NO CHOICE,37
1462,her administration’s Department of Justice,27
1463,criminal charges,51
1464,trial,1754
1465,3 MINUTES,599
1466,REMAINING,497
1467,conducted,1276
1468,“Unsure,37
1469,3 minutes,848
1470,your answer,556
1471,the first day,282
1472,criminal investigations,38
1473,issuing,223
1474,an urgent public opinion poll,33
1475,gauge,1083
1476,our top supporters,4951
1477,\- Progressive Turnout Project,1548
1478,IL 60661,5481
1479,Authorized,3856
1480,Devin Nunes,1111
1481,scared,1717
1482,compete,3715
1483,strike,1135
1484,CLICK,4487
1485,Fox News,2201
1486,Mail,6755
1487,his tax returns,79
1488,THE CONSTITUTION,112
1489,break,15423
1490,Maine,2618
1491,a senator,1060
1492,this crisis,2837
1493,Box,94235
1494,Email,22482
1495,Our Future,43
1496,importantly,1387
1497,new ideas,77
1498,Orange County,463
1499,skyrocketing,271
1500,regardless,1626
1501,your vote,2420
1502,encourage,3065
1503,Contact,5693
1504,Brian Burley,17
1505,Voting,4402
1506,begins,6895
1507,contact,6499
1508,your ballot,1332
1509,telling,1966
1510,a debate,466
1511,involved,3174
1512,head,22480
1513,Tuesday,6599
1514,a campaign,3723
1515,noticed,1188
1516,the district,4785
1517,champion,11177
1518,refuse,5404
1519,fully,8593
1520,advantage,4181
1521,the Green New Deal,1284
1522,This bill,252
1523,abolish,489
1524,the Department of Justice,154
1525,any time,2980
1526,EMAIL_REDACTED]] Update Profile,2
1527,our service provider,1190
1528,delivered,1366
1529,the COVID-19,3626
1530,issues,13698
1531,concerns,4712
1532,the Trump Administration,3765
1533,online,16256
1534,schools,3868
1535,safety,9740
1536,their families,1974
1537,strongly,898
1538,increases,341
1539,target,7762
1540,all our lists,2666
1541,Questions,2266
1542,folks,11800
1543,overcome,2066
1544,lot,51801
1545,drive,4784
1546,early,14323
1547,reality,3134
1548,deeply,1716
1549,the ground,3573
1550,affected,5248
1551,sorry,6428
1552,the House of Representatives,1342
1553,misdemeanors,21
1554,four more years,812
1555,August,5447
1556,the presidency,1207
1557,race,57333
1558,honest,7171
1559,a member,6656
1560,challenged,596
1561,Ste,15867
1562,→ Chip,51
1563,tweeted,684
1564,NO ONE,1099
1565,uplift,2690
1566,Inc.,7943
1567,the murder,175
1568,collect,5267
1569,the system,1653
1570,the man,1093
1571,the crimes,25
1572,the floor,925
1573,RELEASE,563
1574,concerned,1769
1575,respects,191
1576,Copyright,6199
1577,cares,1685
1578,Friday,3667
1579,LIKE,1266
1580,June,5154
1581,TELL,967
1582,our rights,1364
1583,shooting,717
1584,great,17284
1585,catch,2846
1586,violent criminals,56
1587,benefits,2587
1588,attack,26198
1589,the NRSC,548
1590,pro,111821
1591,conservative judges,1037
1592,Tom Cotton,341
1593,STOP,7897
1594,Imagine,2594
1595,Ukraine,169
1596,witnessed,530
1597,affordable healthcare,2345
1598,riots,3591
1599,bail,1139
1600,fire,6268
1601,mailed,3501
1602,special interests,12275
1603,informed,5041
1604,stick,3154
1605,Iran,328
1606,criminals,333
1607,Russia,764
1608,every step,2847
1609,MSNBC,945
1610,the political process,2398
1611,peaceful protestors,336
1612,rest,39039
1613,borders,907
1614,SUPPORT,4028
1615,DEFEND,2099
1616,No images,376
1617,survive,1330
1618,rid,14532
1619,Share Tweet Forward Preferences | Unsubscribe,0
1620,ANY CANDIDATE,15602
1621,CANDIDATE'S COMMITTEE,12273
1622,anymore,6306
1623,the weekend,892
1624,his actions,349
1625,abused,222
1626,the Republican nominee,381
1627,harm,3920
1628,late,26408
1629,Jerry,489
1630,pushed,897
1631,openly,660
1632,Nicole,1183
1633,NEW YORK,604
1634,Staten Island,574
1635,NYC,401
1636,illegal immigrants,255
1637,DEFEAT,7885
1638,promised,1965
1639,checks,6156
1640,SAVE,4845
1641,Albany,320
1642,a person,2716
1643,reform,9294
1644,BOLD Democrats,1786
1645,Donald Trump’s presidency,1824
1646,diverse Democrats,1938
1647,the largest organization,1784
1648,Latino voters,1862
1649,NEWS,3691
1650,IMPEACHED,80
1651,\--He,23
1652,his Supreme Court nomination,42
1653,\--BOLD,1196
1654,the grassroots arm,1104
1655,the Congressional Hispanic Caucus,1108
1656,one million,1311
1657,over $,5510
1658,diverse progressives,1090
1659,an average,9542
1660,just $12.84,1090
1661,29 Republican seats,1090
1662,the largest Democratic wave,1090
1663,BOLD DEMOCRATS,1109
1664,Our Latest Mission,1090
1665,EXPAND,1522
1666,our House Majority TAKEOVER,0
1667,clutches,1140
1668,Hand Donald Trump,1090
1669,a CRUSHING defeat,1104
1670,RECLAIM,1107
1671,the White House HOW,0
1672,vulnerable Republican-held districts,1090
1673,recruit,2415
1674,every penny,1331
1675,spark,1400
1676,27.3 million eligible Latino voters,1090
1677,42%,1811
1678,the political landscape,1158
1679,our Good Grassroot,1090
1680,this one power,1770
1681,PO Box 75357,1770
1682,BY CHC,1774
1683,BOLD,1863
1684,ANY CANDIDATE OR CANDIDATE’S COMMITTEE,3321
1685,OFFICE,2821
1686,NO >> UNSURE,0
1687,11:59PM,1013
1688,interfere,686
1689,cheating,158
1690,firing,612
1691,Amy Coney Barrett,1917
1692,climate change,6185
1693,Pennsylvania,5588
1694,introducing,294
1695,Cory,1701
1696,MY NAME,1163
1697,Colorado,2427
1698,real change,2293
1699,founder,812
1700,her home,515
1701,attended,510
1702,Update,6652
1703,the latest news,1411
1704,radical,10374
1705,playing,2061
1706,all people,2761
1707,Bill,2416
1708,frankly,789
1709,a future,1319
1710,Corky,228
1711,hundreds,3589
1712,the violence,169
1713,endorsing,1051
1714,distinction,263
1715,outside,4016
1716,hatred,746
1717,Maloney,917
1718,Carolyn,1050
1719,ruled,357
1720,registered,2959
1721,train,4728
1722,trauma,177
1723,trauma survivors,5
1724,lack,9989
1725,Jon Hoadley,559
1726,the Congressional Black Caucus,2615
1727,my home,522
1728,modern history,197
1729,the US,10291
1730,invaded,23
1731,Left,6272
1732,Conservative values,70
1733,YOUR help,942
1734,result,8816
1735,WANT,2510
1736,Kansas,1792
1737,Progressive Takeover,484
1738,Congressional Black Caucus,3398
1739,CONGRESSIONAL BLACK CAUCUS,2324
1740,Massachusetts Ave,2545
1741,The Congressional Black Caucus,2355
1742,non-Black candidates,2304
1743,our interests,2595
1744,African American participation,2304
1745,non-Black allies,2304
1746,the highest positions,2305
1747,this grassroots movement,2594
1748,the entire Congressional Black Caucus PAC team,2173
1749,The U.S. Postal Service,191
1750,immediate help,262
1751,THE POST OFFICE,491
1752,altogether,3903
1753,the 2020 election,1971
1754,Elections,2458
1755,1 of 4 top Democratic representatives,14
1756,Illinois,3034
1757,a monumental impact,25
1758,our 2020 strategy,307
1759,a dictator,81
1760,YES ➞,722
1761,NO ➞ Unsure,0
1762,this poll,2010
1763,the lawsuit,155
1764,HIS TAX RETURNS,15
1765,your signature,960
1766,National Democratic Training Committee,2246
1767,National Democratic Training Committee Paid,0
1768,the National Democratic Training Committee,2246
1769,"more than 30,000 Democrats",2246
1770,our training efforts,2246
1771,TO TRAIN DEMOCRATS,2246
1772,"518,000 elected positions",2246
1773,every race,2343
1774,every school board,2246
1775,every city council,2246
1776,every state legislature,2248
1777,explore,2429
1778,our FREE campaign training,2246
1779,RUN,3752
1780,a good reason,2302
1781,shell,2428
1782,expensive,4814
1783,every last penny,2250
1784,our PROVEN Democratic training program,2246
1785,the entire NDTC team,2246
1786,our most important email updates,2615
1787,\- Stop Republicans,283
1788,STOP REPUBLICANS,2201
1789,an accountability project,2197
1790,a grassroots-funded effort,2198
1791,resisting,2223
1792,Donald Trump's radical right wing agenda,2197
1793,Our movement,2552
1794,Republicans P.O. Box,0
1795,JUSTICE,269
1796,essential,3648
1797,Breonna,441
1798,BREONNA TAYLOR,19
1799,THE INVADING OFFICERS,10
1800,CHARGED,27
1801,the officer,112
1802,your fight,895
1803,urgently,2395
1804,liberals,1316
1805,JIM JORDAN,88
1806,CHIP IN $5 TO DEFEAT REPUBLICANS,18
1807,AMERIPAC,647
1808,Share,1228
1809,Wendy Davis,5118
1810,board,7059
1811,suggest,2596
1812,Straight,54
1813,Your Inbox,40
1814,Bill Hagerty,246
1815,THE CAMPAIGN,126
1816,Saying,80
1817,Tennessee,775
1818,loving,595
1819,the very outstanding Ambassador,40
1820,Japan,121
1821,our 2nd A.,40
1822,Loves,47
1823,our Vets,45
1824,my Complete & Total Endorsement,41
1825,Nashville,341
1826,TN 37215,42
1827,#TeamHagerty Updates,38
1828,Hagerty,277
1829,ICYMI,242
1830,Team Hagerty,205
1831,## Be,55
1832,A Part,31
1833,#TeamHagerty TELL US,0
1834,BILL,692
1835,HAGERTY,50
1836,my Tennessee Victory Chair,39
1837,-President Donald Trump,46
1838,advantageous,39
1839,anybody,259
1840,jump,1123
1841,day one,1232
1842,Tennessee families,32
1843,-Lara,24
1844,the Trump train,28
1845,my father,876
1846,a primary,534
1847,>  -Donald Trump Jr.,25
1848,a good friend,49
1849,describe,890
1850,Beijing,56
1851,TERRIFIC,25
1852,Senator Hagerty,21
1853,-KT,21
1854,McFarland,22
1855,an unwavering pro-life advocate,23
1856,his country,7357
1857,his leadership,753
1858,Tennesseans,239
1859,-Marilyn Musgrave,22
1860,the next couple of years,28
1861,the Great American Come Back,26
1862,-Larry Kudlow,26
1863,a good quality,39
1864,-Nikki Haley,38
1865,what a blessing,32
1866,a great [[URL REDACTED,32
1867,the Ambassador,38
1868,a huge supporter,31
1869,[[URL REDACTED]] Putnam County,31
1870,>  -Eddie Farris,31
1871,Sheriff,255
1872,this campaign season,64
1873,the fine values,32
1874,our President Donald J Trump,32
1875,>  -Mayor Robby Hatcher,32
1876,FacebookTwitterYouTubeInstagramWebsite Team Hagerty P.O. Box,0
1877,TeamHagerty,47
1878,Taking,470
1879,Following,1068
1880,the left,1859
1881,The best way,1065
1882,critical issues,2124
1883,Cameron,188
1884,our ad,9579
1885,her constituents,659
1886,my community,571
1887,aid,128993
1888,the Law Enforcement Loyalty PAC,14
1889,The Law Enforcement Loyalty PAC,11
1890,Peters,1871
1891,Adrian,213
1892,Roger Marshall,247
1893,Montana,3432
1894,couple bucks,118
1895,Joe Collins,177
1896,Maxine Waters,227
1897,Maxine,228
1898,U.S. Navy Veteran Republican,0
1899,a Black Conservative,108
1900,Navy Veteran,477
1901,South Central Los Angeles,174
1902,radical leftist Maxine Waters,170
1903,Joe's campaign chip,167
1904,5777 W. Century Blvd STE#1110-143 Los Angeles,0
1905,JOE DEFEAT,28
1906,MAXINE,55
1907,Lee,1593
1908,P.O. BOX,2066
1909,SHIRLEY,194
1910,Long Island,411
1911,the post,956
1912,Jeff Van Drew,253
1913,Brigid,266
1914,Brigid Callahan Harrison,262
1915,South Jersey,329
1916,Michael Waltz,86
1917,Mr. Delgado,1
1918,Anthony Brindisi,377
1919,this contribution,187
1920,this great state,872
1921,John Cornyn,2272
1922,Senator John Cornyn,1195
1923,Team Cornyn,845
1924,this song,847
1925,full volume,844
1926,the dangerous policies,849
1927,pedaled,844
1928,our conservative Texas values,847
1929,our volunteer page,849
1930,additional updates,846
1931,"a safe, prosperous, and healthy Texas",843
1932,Alamo PAC,68
1933,the Republican Party of Texas,74
1934,JFC,69
1935,FECA,68
1936,the contributor,624
1937,his or her contribution,311
1938,the NRSC Headquarters Account,68
1939,the NRSC Legal Fund,68
1940,the Texans,89
1941,Senator John Cornyn Inc. general election account,68
1942,Any remaining funds,68
1943,Sandy Smith,107
1944,Butterfield,109
1945,G.K. Butterfield,93
1946,Doug Collins,92
1947,Kelly Loeffler,731
